Employee_Id,Name,Email,SSN,Phone,Address
E1192505,JaniceGilbert,janice.gilbert@gmail.com,706-34-5050,+1(256) 571-7615,6662 Oak Ridge Ln Rialto New Hampshire United States 87527
E2613307,DannyGibson,danny.gibson@gmail.com,384-10-1228,+1(861) 630-9486,4907 Paddock Way Glendale Colorado United States 46495
E6736320,PeterPalmer,peter.palmer@gmail.com,066-62-2817,+1(874) 646-1673,7368 Northaven Rd San Bernardino Washington United States 60523
E9991322,JarCollins,jar.collins@gmail.com,522-56-5095,+1(329) 451-0468,1010 E North St Akron Wisconsin United States 15374
E4285883,GeneGutierrez,gene.gutierrez@gmail.com,132-54-6865,+1(721) 390-8329,5406 Preston Rd Mesquite Wyoming United States 48829
E3643548,GlendaWatts,glenda.watts@gmail.com,788-86-4710,+1(365) 638-6289,606 Groveland Terrace Waco Connecticut United States 80076
E4045260,IsabellaLawson,isabella.lawson@gmail.com,137-32-6748,+1(458) 273-1903,4258 Hickory Creek Dr Winston–Salem Idaho United States 34239
E5555503,FrancesGardner,frances.gardner@gmail.com,489-45-5298,+1(961) 645-2069,876 Washington Ave Pasadena Illinois United States 92326
E5499030,MelissaMontgomery,melissa.montgomery@gmail.com,601-98-3212,+1(697) 907-5570,809 James St Oceanside Oklahoma United States 99359
E5262769,BethCampbell,beth.campbell@gmail.com,253-17-9663,+1(350) 888-9566,1765 Ash Dr Oakland Delaware United States 60298
E8008333,VernonFuller,vernon.fuller@gmail.com,820-59-1512,+1(913) 238-2263,2567 Ash Dr Richardson Colorado United States 76149
E3350201,WallaceBurke,wallace.burke@gmail.com,120-26-7115,+1(637) 239-2535,305 Dogwood Ave Carrollton Alabama United States 12491
E3410804,KentRomero,kent.romero@gmail.com,745-17-6138,+1(721) 517-2260,8293 Oak Lawn Ave Forney Massachusetts United States 70983
E1878342,GloriaVasquez,gloria.vasquez@gmail.com,005-60-6396,+1(768) 270-2352,5346 Green Rd Surrey Louisiana United States 93024
E9308880,KatrinaThomas,katrina.thomas@gmail.com,497-28-6224,+1(484) 240-3772,4106 Fincher Rd Fontana West Virginia United States 99465
E2083376,SherriStewart,sherri.stewart@gmail.com,482-31-5638,+1(550) 676-7383,777 College St Lewiston Florida United States 93082
E7315364,BellaTucker,bella.tucker@gmail.com,054-68-3329,+1(443) 567-9283,1313 Hamilton Ave Fargo Tennessee United States 43728
E9510813,DarleneLee,darlene.lee@gmail.com,590-77-1341,+1(896) 988-9500,6238 Fairview St Detroit New Jersey United States 10183
E2361632,IrmaElliott,irma.elliott@gmail.com,464-49-9466,+1(857) 318-2280,8027 Camden Ave Bernalillo Wyoming United States 46017
E1903659,ZackCarroll,zack.carroll@gmail.com,604-67-1608,+1(624) 601-3239,5032 Bollinger Rd Tucson Alaska United States 97544
E6715497,DustinMccoy,dustin.mccoy@gmail.com,768-12-7699,+1(293) 516-2211,1730 Depaul Dr Seymour Pennsylvania United States 11431
E2315355,LandonRichards,landon.richards@gmail.com,440-59-4316,+1(204) 480-2531,6598 Paddock Way Shiloh Mississippi United States 19472
E8385452,TylerSilva,tyler.silva@gmail.com,865-68-5641,+1(242) 479-4147,3031 Timber Wolf Trail Columbus Maryland United States 48021
E2695089,GabriellaDavidson,gabriella.davidson@gmail.com,111-68-7055,+1(759) 661-8553,3225 Sunset St Fairfield West Virginia United States 62793
E9777956,VirgilWheeler,virgil.wheeler@gmail.com,420-94-3083,+1(909) 926-9771,1712 Elgin St Tampa North Dakota United States 66111
E7749934,SeanFord,sean.ford@gmail.com,681-43-2595,+1(674) 408-0866,9380 Central St Shiloh Hawaii United States 32924
E4942347,HaileyLane,hailey.lane@gmail.com,787-83-1137,+1(671) 510-3947,4105 Lakeview St Saginaw Hawaii United States 13239
E6463621,SueMurphy,sue.murphy@gmail.com,407-88-2801,+1(990) 276-8307,4466 Dogwood Ave Naperville Missouri United States 93865
E6558864,SarahRose,sarah.rose@gmail.com,245-36-3297,+1(412) 414-1977,6916 Hunters Creek Dr Orlando Arkansas United States 19703
E4064641,ToniSanders,toni.sanders@gmail.com,654-03-1634,+1(436) 312-6046,1593 Country Club Rd Burbank New Mexico United States 42309
E2669957,MarilynHawkins,marilyn.hawkins@gmail.com,711-67-3761,+1(463) 747-3599,8915 Thornridge Cir Virginia Beach Maryland United States 45008
E4126306,LarryRogers,larry.rogers@gmail.com,148-09-1703,+1(420) 654-1068,6806 Prospect Rd Nashville New Jersey United States 67990
E9757479,GeneRoberts,gene.roberts@gmail.com,875-74-2681,+1(860) 398-2677,363 Woodland St Columbia Tennessee United States 10374
E8009750,RobertFields,robert.fields@gmail.com,096-32-3487,+1(675) 905-0934,8348 Ash Dr Pittsburgh California United States 16526
E5116176,PeterKim,peter.kim@gmail.com,448-79-9916,+1(379) 345-7278,9777 Hillcrest Rd Gainesville South Dakota United States 88056
E5471804,ArnoldCole,arnold.cole@gmail.com,075-12-0427,+1(407) 877-9945,167 W Belt Line Rd Norwalk South Dakota United States 18708
E5972199,DonaldWeaver,donald.weaver@gmail.com,573-46-9607,+1(347) 332-0393,7708 W Gray St Shelby Florida United States 86917
E5438343,GuyFleming,guy.fleming@gmail.com,463-36-7956,+1(468) 381-2777,7788 Oak Ridge Ln Boulder Delaware United States 66764
E9023349,LandonOlson,landon.olson@gmail.com,811-59-5751,+1(433) 207-1005,7316 Ash Dr North Charleston North Carolina United States 74453
E1365571,LukeThompson,luke.thompson@gmail.com,345-07-5818,+1(583) 268-0789,6116 Samaritan Dr Mesquite Iowa United States 74182
E7077441,KenziHall,kenzi.hall@gmail.com,210-83-6657,+1(656) 385-2801,7421 Shady Ln Dr Los Angeles Colorado United States 44160
E4136424,GeorgeChambers,george.chambers@gmail.com,668-26-0044,+1(261) 223-9891,7176 Spring Hill Rd Fargo North Dakota United States 66867
E4514294,ArmandoJordan,armando.jordan@gmail.com,057-52-7933,+1(591) 541-9138,5997 Edwards Rd Great Falls Wyoming United States 66100
E3402323,GabrielBurke,gabriel.burke@gmail.com,086-56-8358,+1(766) 906-9272,2156 Locust Rd Waxahachie Oklahoma United States 93969
E7242402,DorisChambers,doris.chambers@gmail.com,108-68-0499,+1(591) 760-7138,3277 Lone Wolf Trail San Bernardino Colorado United States 80523
E1432338,EugeneFerguson,eugene.ferguson@gmail.com,701-77-7955,+1(614) 358-3456,6650 Karen Dr Santa Rosa Georgia United States 42580
E4702882,VioletCarr,violet.carr@gmail.com,786-02-3469,+1(700) 253-8629,1504 E Little York Rd Hayward Montana United States 39771
E7336633,GregArmstrong,greg.armstrong@gmail.com,221-54-4248,+1(943) 649-6423,5697 Elgin St New Haven Illinois United States 65871
E2800879,DarrenAndrews,darren.andrews@gmail.com,604-30-2528,+1(486) 292-3879,6180 Photinia Ave Arvada Mississippi United States 68027
E5645251,LoriBurton,lori.burton@gmail.com,437-36-7484,+1(637) 396-2378,8938 Depaul Dr Lafayette Connecticut United States 38314
E4203738,MyrtleRodriquez,myrtle.rodriquez@gmail.com,304-84-2853,+1(770) 648-2499,7041 Sunset St Little Rock North Dakota United States 41478
E1342542,DeniseDouglas,denise.douglas@gmail.com,018-83-4422,+1(621) 371-1784,4212 Cherry St Athens Iowa United States 40046
E3066560,GaryBurns,gary.burns@gmail.com,451-44-0986,+1(704) 613-9328,2571 Hunters Creek Dr Seattle Missouri United States 27081
E8306611,ArnoldWheeler,arnold.wheeler@gmail.com,321-13-9065,+1(937) 772-1626,9798 Homestead Rd Jacksonville Kansas United States 83055
E5801222,FrancesPeters,frances.peters@gmail.com,008-06-1771,+1(245) 902-2463,7662 Oak Ridge Ln Athens Maryland United States 72395
E7756958,JonGriffin,jon.griffin@gmail.com,773-13-9096,+1(826) 220-3229,3640 Samaritan Dr Kansas City New Hampshire United States 42655
E8803402,LeviKing,levi.king@gmail.com,783-22-2283,+1(797) 233-4291,9409 W Campbell Ave Nashville Delaware United States 53436
E6285788,BruceWebb,bruce.webb@gmail.com,018-35-4214,+1(334) 441-7487,8869 Brown Terrace Altoona Mississippi United States 58470
E8383808,TomothyPierce,tomothy.pierce@gmail.com,359-16-2271,+1(331) 503-1542,2356 Ranchview Dr Long Beach Massachusetts United States 14707
E6548665,JoelRodriquez,joel.rodriquez@gmail.com,372-96-0311,+1(532) 592-7167,6925 Fairview St Newport News Ohio United States 42093
E3490907,GwendolynLowe,gwendolyn.lowe@gmail.com,606-48-0266,+1(376) 827-1876,9077 Lovers Ln Cary Colorado United States 36285
E8442233,RonaldMeyer,ronald.meyer@gmail.com,148-99-2245,+1(357) 557-1255,4202 Central St Providence Michigan United States 34756
E2122753,LeeMatthews,lee.matthews@gmail.com,490-56-4407,+1(414) 694-5599,333 W 6th St Fargo Wyoming United States 59372
E8712362,LeviWest,levi.west@gmail.com,535-57-6452,+1(575) 668-9932,7923 Daisy Dr Eugene Nevada United States 43707
E1697214,VernonGraham,vernon.graham@gmail.com,548-54-8438,+1(779) 290-2777,6937 Northaven Rd Birmingham Kentucky United States 59263
E9183409,WillieWelch,willie.welch@gmail.com,156-13-7314,+1(765) 781-8677,8539 Paddock Way Tampa South Dakota United States 77671
E1837573,BrandieMatthews,brandie.matthews@gmail.com,026-11-0746,+1(364) 316-0646,4332 Eason Rd St. Louis Minnesota United States 87138
E2804962,HazelCox,hazel.cox@gmail.com,516-24-1829,+1(590) 324-5964,6114 Timber Wolf Trail Reno Texas United States 20275
E8630347,ReginaPowell,regina.powell@gmail.com,440-27-2078,+1(473) 440-2522,3157 W Sherman Dr Memphis South Dakota United States 30887
E5013938,LucasRiley,lucas.riley@gmail.com,671-94-6746,+1(225) 374-2959,1432 Karen Dr Red Bluff Nebraska United States 73688
E4819605,OwenBrewer,owen.brewer@gmail.com,414-41-0878,+1(891) 375-2537,5542 Spring Hill Rd Madison Nevada United States 25269
E3079941,BobbieMatthews,bobbie.matthews@gmail.com,079-96-3876,+1(904) 637-3999,265 First Street Dallas Minnesota United States 28887
E8788213,DerekMorgan,derek.morgan@gmail.com,146-88-1245,+1(443) 680-2831,2459 Cackson St Miramar Nevada United States 13365
E9978918,ElsieRichards,elsie.richards@gmail.com,425-20-0969,+1(855) 205-7406,1844 Thornridge Cir Pearland New Mexico United States 59292
E2296852,LaylaScott,layla.scott@gmail.com,523-56-3318,+1(431) 952-3264,5609 Hillcrest Rd Mesquite New Jersey United States 47790
E3616949,JarRodriquez,jar.rodriquez@gmail.com,723-89-0132,+1(945) 738-8707,6175 Ranchview Dr Philadelphia Kansas United States 27473
E2180220,SandraBurke,sandra.burke@gmail.com,353-30-1591,+1(662) 291-3243,2712 Hunters Creek Dr Gilbert Washington United States 62735
E3942945,TomothyBeck,tomothy.beck@gmail.com,252-25-0226,+1(611) 473-2443,9933 Rolling Green Rd Fort Lauderdale Iowa United States 63364
E7867667,GraceBurton,grace.burton@gmail.com,794-41-0970,+1(319) 469-3174,1960 Country Club Rd Surprise Texas United States 50048
E9568745,TerrenceTurner,terrence.turner@gmail.com,885-13-5205,+1(908) 805-4184,3610 Mcgowen St Henderson Maine United States 20107
E3791777,AshleyGutierrez,ashley.gutierrez@gmail.com,418-32-9600,+1(358) 967-5000,6902 Woodland St Riverside Hawaii United States 82221
E6887998,MadisonHansen,madison.hansen@gmail.com,680-94-3374,+1(416) 894-6247,7582 Wycliff Ave Midland Arizona United States 88077
E6986326,SergioTorres,sergio.torres@gmail.com,897-29-9796,+1(304) 887-2495,8114 Lone Wolf Trail Redding Connecticut United States 44412
E6727789,AmyPeters,amy.peters@gmail.com,554-53-7719,+1(798) 267-6859,7702 Wycliff Ave Pompano Beach West Virginia United States 88883
E5028143,DeannHicks,deann.hicks@gmail.com,575-22-9822,+1(967) 820-5644,9517 Prospect Rd Clearwater Idaho United States 35035
E7331483,MiaCraig,mia.craig@gmail.com,700-16-6674,+1(337) 497-5776,1372 First Street Lexington Georgia United States 61599
E2485002,KyliePayne,kylie.payne@gmail.com,283-73-0441,+1(403) 519-0526,5928 Cherry St Paterson Utah United States 72640
E1596856,LukeArmstrong,luke.armstrong@gmail.com,854-20-2067,+1(719) 693-5452,2389 Hickory Creek Dr Miami Texas United States 35069
E4780672,AlanVasquez,alan.vasquez@gmail.com,750-39-0960,+1(655) 364-2013,2860 Pecan Acres Ln Roseburg Kansas United States 97890
E5196449,CarlaRodriguez,carla.rodriguez@gmail.com,304-54-8981,+1(787) 745-6941,2374 Cherry St Visalia Louisiana United States 78767
E6399616,HenrySanchez,henry.sanchez@gmail.com,292-23-9075,+1(520) 729-1092,1253 Adams St Colorado Springs Utah United States 25095
E1818393,NicoleArmstrong,nicole.armstrong@gmail.com,369-58-5219,+1(396) 405-7537,4046 Lakeview St Honolulu Florida United States 83506
E3401445,HunterHenry,hunter.henry@gmail.com,219-18-6543,+1(887) 649-0476,9073 Brown Terrace North Valley New Mexico United States 91115
E4564541,TylerKuhn,tyler.kuhn@gmail.com,209-39-9629,+1(831) 578-2526,3982 Royal Ln Eureka New York United States 91022
E7709162,GladysRichardson,gladys.richardson@gmail.com,304-50-4048,+1(591) 329-5848,1305 Camden Ave San Antonio Maine United States 97881
E1834236,BraydenLane,brayden.lane@gmail.com,603-62-5623,+1(780) 594-0513,316 Miller Ave Bueblo Ohio United States 61359
E6464652,LeoCrawford,leo.crawford@gmail.com,567-07-2300,+1(311) 318-6077,3859 Eason Rd Louisville Michigan United States 81687
E5288588,MaxineJimenez,maxine.jimenez@gmail.com,209-20-2269,+1(949) 313-4181,7809 E Little York Rd Jersey City Arizona United States 64103
E5417010,BruceWalters,bruce.walters@gmail.com,404-94-2746,+1(229) 901-8105,6447 Ranchview Dr Bridgeport Louisiana United States 26366
E9675402,JulieGeorge,julie.george@gmail.com,320-95-4746,+1(248) 606-8396,4071 Wycliff Ave Hartford Oregon United States 97208
E8696061,AbigailFuller,abigail.fuller@gmail.com,421-10-0540,+1(671) 634-4615,551 W Campbell Ave Fullerton Florida United States 12911
E1523102,MartinBrooks,martin.brooks@gmail.com,377-70-5269,+1(628) 552-9468,6881 Wycliff Ave Newark New Mexico United States 29361
E5559700,MarcHolland,marc.holland@gmail.com,642-10-1925,+1(973) 841-4286,9083 Mcgowen St Mesa Montana United States 65731
E4840594,MattieJohnston,mattie.johnston@gmail.com,092-40-9709,+1(893) 435-0190,979 Ranchview Dr Warren Iowa United States 82077
E6050279,FrederickStanley,frederick.stanley@gmail.com,810-89-1682,+1(812) 596-6292,1432 Karen Dr Anchorage South Dakota United States 95821
E9941545,GailMorgan,gail.morgan@gmail.com,212-60-4798,+1(432) 299-8838,3744 E Little York Rd Roseburg New Hampshire United States 36075
E4383157,CarlaBarrett,carla.barrett@gmail.com,766-70-5191,+1(640) 951-4577,223 Royal Ln Wichita Missouri United States 43139
E5786244,SuzanneLewis,suzanne.lewis@gmail.com,445-89-7564,+1(937) 403-8570,645 Ranchview Dr Brownsville Rhode Island United States 13878
E8352293,TheresaWatson,theresa.watson@gmail.com,850-63-6406,+1(907) 977-2114,981 Thornridge Cir Olathe Massachusetts United States 20945
E8280714,RyanSpencer,ryan.spencer@gmail.com,171-27-0409,+1(936) 635-1170,128 Camden Ave Boston Illinois United States 72430
E1633381,TylerStephens,tyler.stephens@gmail.com,115-84-1834,+1(545) 563-6544,7437 Spring St Murrieta Indiana United States 21874
E9628203,WarrenShelton,warren.shelton@gmail.com,077-69-6031,+1(451) 399-9640,3858 Brown Terrace Miami Minnesota United States 66160
E4069441,StellaGrant,stella.grant@gmail.com,029-59-6644,+1(653) 429-6293,59 Northaven Rd Rio Rancho Oklahoma United States 85491
E3438129,JuanitaSilva,juanita.silva@gmail.com,048-66-9264,+1(799) 511-1229,2616 Prospect Rd Washington Indiana United States 30197
E4471400,KenNichols,ken.nichols@gmail.com,291-97-4954,+1(445) 416-8903,8298 Rolling Green Rd Wichita Hawaii United States 95650
E7248561,PedroBrewer,pedro.brewer@gmail.com,386-29-5978,+1(328) 969-8191,3776 Bollinger Rd Minneapolis North Dakota United States 90728
E5531405,MildredLowe,mildred.lowe@gmail.com,357-53-5929,+1(630) 742-6500,5398 Central St Salem New Hampshire United States 21909
E2276082,DonaldWade,donald.wade@gmail.com,828-12-0565,+1(890) 937-6400,9874 E Center St Thornton Tennessee United States 97910
E8199655,BerniceGriffin,bernice.griffin@gmail.com,571-31-5609,+1(302) 916-9074,3333 Mcgowen St Newport News Michigan United States 33889
E3940386,AmandaRiley,amanda.riley@gmail.com,025-86-1538,+1(527) 577-1200,9935 W Sherman Dr Salt Lake City Indiana United States 52630
E3762828,AddisonSanchez,addison.sanchez@gmail.com,652-41-1085,+1(468) 620-9581,9499 Smokey Ln Dallas California United States 98595
E2021958,MartinHerrera,martin.herrera@gmail.com,069-71-4754,+1(788) 816-5061,9831 Valwood Pkwy Oakland Connecticut United States 91094
E4878078,EllenHerrera,ellen.herrera@gmail.com,542-45-4853,+1(802) 878-0972,45 Mockingbird Hill Westminster Alabama United States 36011
E8193459,FlennGordon,flenn.gordon@gmail.com,175-01-8017,+1(983) 976-7469,462 Railroad St Charleston Illinois United States 31503
E7429032,EllenDean,ellen.dean@gmail.com,208-26-0856,+1(946) 866-8675,1258 Bollinger Rd Huntsville Alaska United States 13651
E6458620,ElijahReyes,elijah.reyes@gmail.com,466-23-9822,+1(564) 457-6911,1756 Homestead Rd Bridgeport South Carolina United States 77240
E8183602,MichealBradley,micheal.bradley@gmail.com,245-26-3541,+1(672) 507-6369,6720 Groveland Terrace Waterbury Utah United States 56079
E5128238,ChadHenry,chad.henry@gmail.com,883-50-9538,+1(981) 666-5322,6983 Nowlin Rd Visalia South Carolina United States 81010
E1269910,RayCastillo,ray.castillo@gmail.com,872-49-8053,+1(378) 334-1980,6379 Photinia Ave Athens New York United States 52415
E7290948,KeithDaniels,keith.daniels@gmail.com,748-34-9984,+1(966) 927-1533,3748 W Pecan St College Station Wyoming United States 19720
E9635096,DianneRice,dianne.rice@gmail.com,561-11-4371,+1(512) 979-0978,1004 Groveland Terrace Santa Ana Tennessee United States 78813
E7496844,LillieParker,lillie.parker@gmail.com,255-71-7043,+1(890) 665-0994,1257 E Pecan St Modesto Colorado United States 14875
E5650371,AllanParker,allan.parker@gmail.com,105-93-9577,+1(320) 502-5366,5230 Mockingbird Ln Atlanta New Mexico United States 77351
E1156908,WillieMyers,willie.myers@gmail.com,235-39-3156,+1(994) 898-7620,1192 W Gray St Seymour Connecticut United States 67116
E9037326,LilyCarroll,lily.carroll@gmail.com,649-40-8986,+1(838) 549-8396,2305 Woodland St Arvada Maine United States 29811
E4083807,LaurieAlexander,laurie.alexander@gmail.com,716-51-2721,+1(525) 932-6455,7989 Brown Terrace South Bend Oklahoma United States 92519
E4173315,TonyaBradley,tonya.bradley@gmail.com,850-97-5677,+1(728) 287-8561,8222 Adams St Provo Washington United States 50692
E9493909,TerrenceJenkins,terrence.jenkins@gmail.com,755-04-7310,+1(756) 374-7272,4474 Frances Ct Atlanta Minnesota United States 35919
E2865769,KristinNguyen,kristin.nguyen@gmail.com,435-80-0890,+1(431) 695-8246,1450 Harrison Ct Salt Lake City New Jersey United States 19462
E6892996,KathyMitchell,kathy.mitchell@gmail.com,410-48-7641,+1(800) 855-6065,3037 Pecan Acres Ln Albuquerque Maine United States 70928
E8389639,AlfredoSteeves ,alfredo.steeves@gmail.com,348-45-0008,+1(484) 664-2239,9268 White Oak Dr North Charleston New York United States 74978
E8267383,RamonFranklin,ramon.franklin@gmail.com,027-39-4168,+1(467) 965-0163,4513 Railroad St Reno Mississippi United States 54760
E5056205,ZoeColeman,zoe.coleman@gmail.com,699-85-8338,+1(526) 855-9782,5819 Bollinger Rd Lakewood Oklahoma United States 58582
E4407606,RaymondGriffin,raymond.griffin@gmail.com,529-86-7226,+1(942) 796-8834,4486 Mcclellan Rd Modesto Mississippi United States 48684
E2945132,LiamReynolds,liam.reynolds@gmail.com,801-43-5749,+1(816) 456-8190,608 Poplar Dr Anna Hawaii United States 83145
E2565040,AmeliaArnold,amelia.arnold@gmail.com,094-04-6133,+1(991) 584-6800,4578 Walnut Hill Ln Lakewood Wisconsin United States 72238
E8817672,RalphWilliamson,ralph.williamson@gmail.com,813-73-7772,+1(228) 308-8816,1143 Westheimer Rd Downey New Hampshire United States 50665
E2726104,CoryHanson,cory.hanson@gmail.com,201-94-0312,+1(301) 862-2352,1622 Elgin St West Covina Indiana United States 46479
E4610385,SavannahLopez,savannah.lopez@gmail.com,550-81-1568,+1(805) 667-5233,6074 E Sandy Lake Rd Bozeman Nebraska United States 15483
E9116677,CodyWillis,cody.willis@gmail.com,055-84-8177,+1(341) 248-3715,6457 Forest Ln Paterson Nebraska United States 60360
E6084250,JoeLawrence,joe.lawrence@gmail.com,603-78-8172,+1(283) 791-7330,2020 Fairview St Torrance Idaho United States 83292
E4572826,LorraineVargas,lorraine.vargas@gmail.com,523-10-5690,+1(885) 692-8073,6840 Blossom Hill Rd Saginaw Indiana United States 66203
E6587840,KenPena,ken.pena@gmail.com,883-03-6460,+1(490) 807-5303,1922 Hickory Creek Dr Addison Arizona United States 72148
E4422913,SteveSnyder,steve.snyder@gmail.com,240-88-1381,+1(941) 556-6080,3125 Washington Ave Modesto Arkansas United States 18137
E5432312,ChesterSnyder,chester.snyder@gmail.com,464-34-2830,+1(808) 515-9417,7510 Pecan Acres Ln Fontana Florida United States 20227
E1459295,FlennBarrett,flenn.barrett@gmail.com,264-16-0362,+1(642) 791-8053,6048 Cackson St Woodbridge Virginia United States 35427
E5969867,AbigailLittle,abigail.little@gmail.com,391-48-6669,+1(593) 949-5921,458 Homestead Rd Grants Pass South Dakota United States 55531
E1577938,CharlesGraves,charles.graves@gmail.com,331-46-8669,+1(504) 358-6090,4264 Edwards Rd Desoto Louisiana United States 12424
E8838349,JeremyJones,jeremy.jones@gmail.com,429-12-8752,+1(737) 306-6613,8092 Blossom Hill Rd Lousville Washington United States 43581
E7813814,GladysMorgan,gladys.morgan@gmail.com,307-53-1496,+1(486) 437-3163,2122 Mockingbird Ln Jacksonville Connecticut United States 77588
E9562517,CarlaGonzalez,carla.gonzalez@gmail.com,129-55-6118,+1(858) 226-2765,5627 E Center St Colorado Springs Illinois United States 13644
E4185323,TanyaKim,tanya.kim@gmail.com,307-53-9708,+1(425) 697-2576,5555 Preston Rd Las Vegas North Carolina United States 51384
E3370592,TheresaDavidson,theresa.davidson@gmail.com,884-42-1407,+1(718) 446-5891,3948 Wycliff Ave Baton Rouge Illinois United States 70698
E4791477,RileySchmidt,riley.schmidt@gmail.com,810-21-8344,+1(355) 759-0761,6984 Cherry St Washington Arizona United States 19518
E1482640,MiguelMitchell,miguel.mitchell@gmail.com,786-87-4847,+1(448) 259-6323,5371 Miller Ave Everett Virginia United States 16008
E1110106,LucyJennings,lucy.jennings@gmail.com,187-80-1352,+1(677) 329-9507,8917 Robinson Rd Visalia Georgia United States 47075
E8213221,MyrtlePerry,myrtle.perry@gmail.com,085-09-0161,+1(578) 803-9882,9302 Hunters Creek Dr Flowermound Oregon United States 93857
E4949423,DonMurphy,don.murphy@gmail.com,830-57-9662,+1(809) 371-9363,852 Wycliff Ave Greeley Virginia United States 52885
E4476451,MelissaFerguson,melissa.ferguson@gmail.com,234-38-3889,+1(565) 595-9405,8166 College St Mesa Colorado United States 57360
E7424157,JasonPena,jason.pena@gmail.com,544-62-2472,+1(390) 390-1911,2371 Robinson Rd Frederick Iowa United States 88411
E6102964,CharlieRussell,charlie.russell@gmail.com,426-89-2149,+1(904) 304-1743,1497 Adams St Killeen Virginia United States 71407
E3954682,RonaldBennett,ronald.bennett@gmail.com,189-92-9253,+1(612) 810-7907,4641 First Street El Cajon Alaska United States 72868
E1367476,MatthewWilliamson,matthew.williamson@gmail.com,789-21-2513,+1(595) 945-2231,108 W Dallas St Cedar Hill Missouri United States 50600
E3976253,JaydenMason,jayden.mason@gmail.com,756-52-6184,+1(754) 621-4400,9593 Saddle Dr Grapevine Wisconsin United States 81152
E7586098,LeslieGrant,leslie.grant@gmail.com,248-12-4956,+1(870) 954-0007,1853 Photinia Ave Des Moines Arizona United States 29784
E7602599,ZackAnderson,zack.anderson@gmail.com,439-16-0357,+1(267) 396-4988,6485 Green Rd Denver Colorado United States 99376
E8883963,BrittanySanchez,brittany.sanchez@gmail.com,472-45-7711,+1(244) 377-9714,9062 Mockingbird Hill Woodbridge Rhode Island United States 14872
E3666263,KittyRoss,kitty.ross@gmail.com,258-94-3093,+1(208) 672-9610,5111 Spring St Victorville Georgia United States 97009
E2009752,JulianDaniels,julian.daniels@gmail.com,543-82-6520,+1(780) 204-3257,3198 Rolling Green Rd San Francisco Kansas United States 17753
E1186315,LeonardFowler,leonard.fowler@gmail.com,573-19-6248,+1(675) 388-1558,8383 N Stelling Rd Sunnyvale Kentucky United States 40640
E6874989,EverettGarza,everett.garza@gmail.com,446-55-8831,+1(839) 509-6022,4286 Plum St Vernon Utah United States 15475
E3974617,JeromeSullivan,jerome.sullivan@gmail.com,497-05-2345,+1(517) 948-9679,9126 Elgin St Elko Arizona United States 82484
E3642207,DaleMcdonalid,dale.mcdonalid@gmail.com,157-12-8783,+1(856) 914-1233,9102 Walnut Hill Ln Fresno Indiana United States 81934
E9886189,AudreyGraves,audrey.graves@gmail.com,342-77-2827,+1(496) 619-0931,7535 Wycliff Ave Carlsbad North Dakota United States 84852
E4377080,RaulHayes,raul.hayes@gmail.com,023-25-5998,+1(364) 582-3173,7172 W Pecan St Seattle Georgia United States 70453
E9152839,JosephineElliott,josephine.elliott@gmail.com,296-18-4716,+1(944) 603-9055,1347 Central St Houston New Mexico United States 43648
E7954430,SofiaWest,sofia.west@gmail.com,884-10-4682,+1(908) 723-8606,3606 Valley View Ln Albany Washington United States 53109
E3701942,AnaMccoy,ana.mccoy@gmail.com,783-38-3987,+1(675) 488-1175,297 Harrison Ct Frederick Illinois United States 36154
E5524481,BeverleyRyan,beverley.ryan@gmail.com,696-92-5270,+1(591) 778-0188,9741 Avondale Ave Fontana New York United States 51676
E1489302,ErinFranklin,erin.franklin@gmail.com,228-68-5133,+1(448) 482-2948,3185 Pockrus Page Rd Anna Kansas United States 25905
E3350744,NathanielBradley,nathaniel.bradley@gmail.com,544-14-6234,+1(382) 241-4849,8922 Nowlin Rd San Jose Rhode Island United States 22522
E9284139,EdgarChavez,edgar.chavez@gmail.com,159-51-4502,+1(548) 545-5638,5627 E North St Joliet Utah United States 53755
E4821309,KurtEdwards,kurt.edwards@gmail.com,004-14-4369,+1(672) 368-1493,7524 Cherry St Minneapolis West Virginia United States 30725
E7111449,ConniePeterson,connie.peterson@gmail.com,201-20-1000,+1(901) 822-8604,6484 W Pecan St Los Angeles Arkansas United States 16788
E3252403,RitaBishop,rita.bishop@gmail.com,726-01-1746,+1(461) 764-6247,6374 Prospect Rd Toledo New Mexico United States 89946
E4334084,LeonardHarper,leonard.harper@gmail.com,660-59-0113,+1(871) 461-6945,8913 Bruce St Bridgeport Virginia United States 70157
E4486504,HaroldReid,harold.reid@gmail.com,639-58-0682,+1(308) 470-3887,9601 E Pecan St Birmingham Massachusetts United States 13277
E2817108,PaulineWright,pauline.wright@gmail.com,590-88-9471,+1(636) 738-3755,6861 Ranchview Dr Abilene Maine United States 33795
E1527156,PaulMorris,paul.morris@gmail.com,401-82-7844,+1(202) 399-5557,189 W Gray St Lakeland Minnesota United States 34702
E5569801,RonnieLynch,ronnie.lynch@gmail.com,189-94-7858,+1(658) 727-6007,5058 Spring St Little Rock Arkansas United States 94729
E1999577,JeffreyCarroll,jeffrey.carroll@gmail.com,343-37-9166,+1(253) 206-0585,4686 Spring St Wilmington Kentucky United States 76399
E7224873,DianneSpencer,dianne.spencer@gmail.com,569-31-9590,+1(770) 381-6265,1332 Smokey Ln Sunnyvale Florida United States 50909
E7152494,RichardSullivan,richard.sullivan@gmail.com,824-15-2474,+1(650) 416-9736,6978 Karen Dr Waterbury California United States 63724
E5463820,WalterWallace,walter.wallace@gmail.com,039-28-8927,+1(361) 845-7490,3329 Rolling Green Rd Chesapeake Indiana United States 83042
E8738403,JeremiahWatkins,jeremiah.watkins@gmail.com,689-88-9193,+1(671) 482-7745,7112 Nowlin Rd Stanley Indiana United States 85086
E3131251,BrianGreen,brian.green@gmail.com,152-46-4258,+1(877) 812-8899,8956 Preston Rd Mobile Maryland United States 52638
E1369608,RonaldCastro,ronald.castro@gmail.com,546-99-9845,+1(717) 507-2668,2518 Spring St Boise Illinois United States 28530
E6528553,ToddBates,todd.bates@gmail.com,120-07-1815,+1(509) 559-3092,4975 Ranchview Dr Denver Wisconsin United States 78807
E1525372,MelindaHamilton,melinda.hamilton@gmail.com,415-43-9573,+1(435) 629-1740,9995 Wheeler Ridge Dr Flowermound New York United States 42092
E6629188,BeverlyBarrett,beverly.barrett@gmail.com,889-29-3138,+1(913) 570-5852,2679 James St Las Vegas Missouri United States 41750
E4719503,JeromeMoreno,jerome.moreno@gmail.com,430-40-0992,+1(220) 633-8450,3465 Homestead Rd Sacramento Kentucky United States 66283
E3512444,LorraineBeck,lorraine.beck@gmail.com,089-38-8046,+1(957) 502-8213,1123 Locust Rd Allen Virginia United States 83112
E7705880,CarolynHart,carolyn.hart@gmail.com,421-38-8125,+1(730) 537-6892,6525 Plum St Virginia Beach Wisconsin United States 12242
E7337401,RobertDunn,robert.dunn@gmail.com,211-80-3469,+1(790) 555-3677,776 Forest Ln Memphis Nevada United States 70394
E8396350,AlyssaHopkins,alyssa.hopkins@gmail.com,199-83-9469,+1(883) 825-1389,3594 Camden Ave Hayward Mississippi United States 44408
E6877595,GordonHenderson,gordon.henderson@gmail.com,452-86-2483,+1(659) 604-8751,6965 Central St Tulsa Washington United States 25287
E7744235,BriannaJohnson,brianna.johnson@gmail.com,395-28-0993,+1(483) 807-3175,7426 Cherry St Salinas Connecticut United States 89035
E1209881,SohamRice,soham.rice@gmail.com,303-39-7577,+1(990) 913-3915,5047 W Belt Line Rd Winston–Salem Mississippi United States 75560
E3623767,NathanGonzales,nathan.gonzales@gmail.com,716-87-1303,+1(943) 804-6568,5342 E Sandy Lake Rd Baton Rouge Nevada United States 18873
E5336027,LesterHernandez,lester.hernandez@gmail.com,829-56-0357,+1(848) 715-6203,5191 Hogan St Lousville New Hampshire United States 40484
E9164196,YvonneColeman,yvonne.coleman@gmail.com,127-16-2641,+1(726) 775-1083,6429 Shady Ln Dr Riverside Nebraska United States 65077
E4913778,MarvinWheeler,marvin.wheeler@gmail.com,355-06-3703,+1(269) 403-7520,3536 Lakeshore Rd Birmingham Wisconsin United States 23404
E2679136,LetaKelly,leta.kelly@gmail.com,506-40-2328,+1(416) 422-9791,9563 Avondale Ave Madison Utah United States 33244
E7090612,MarthaBradley,martha.bradley@gmail.com,251-39-3379,+1(380) 601-7846,4506 Miller Ave Redding Georgia United States 27880
E4973925,KrinEvans,krin.evans@gmail.com,076-37-1320,+1(704) 374-9792,8024 Brown Terrace Fargo Minnesota United States 65435
E2822865,CarolynOlson,carolyn.olson@gmail.com,686-50-9833,+1(430) 518-6308,1851 Stevens Creek Blvd Forney Utah United States 18797
E5909633,CaroleFox,carole.fox@gmail.com,194-33-5977,+1(852) 414-5575,8270 Wheeler Ridge Dr Downey Virginia United States 27595
E2066338,FeliciaBurns,felicia.burns@gmail.com,220-70-0771,+1(538) 621-4268,5108 Spring St Peoria Washington United States 31773
E6083071,LoisHolmes,lois.holmes@gmail.com,629-30-6987,+1(211) 668-6555,6315 Smokey Ln High Point Texas United States 74028
E2855423,CassandraPowell,cassandra.powell@gmail.com,306-20-4449,+1(441) 654-1732,7110 Lovers Ln Victorville Nebraska United States 48711
E8652229,JessieCook,jessie.cook@gmail.com,103-35-6406,+1(953) 890-6957,5747 Edwards Rd Green Bay Maine United States 76729
E8952842,KittyKing,kitty.king@gmail.com,339-32-0886,+1(743) 788-2647,1118 Avondale Ave Denton Connecticut United States 37261
E5249306,CalvinBerry,calvin.berry@gmail.com,221-41-9221,+1(735) 963-2335,5336 Paddock Way Hayward Nevada United States 24817
E8449624,BerniceFowler,bernice.fowler@gmail.com,361-62-4689,+1(498) 469-6961,6289 Mockingbird Hill Chula Vista South Carolina United States 25003
E9445943,LaurieChapman,laurie.chapman@gmail.com,669-53-9569,+1(915) 937-6241,3955 W Gray St Albany Virginia United States 10339
E9831092,ShaneLambert,shane.lambert@gmail.com,625-16-0704,+1(333) 993-6791,9752 Depaul Dr Salem Arkansas United States 44981
E1353252,LetitiaHenry,letitia.henry@gmail.com,618-16-3661,+1(819) 456-7405,3623 Crockett St Lincoln Colorado United States 58797
E5962772,CarlRomero,carl.romero@gmail.com,403-69-4832,+1(960) 856-4362,7676 Woodland St Grants Pass Massachusetts United States 97635
E1284071,MeganCrawford,megan.crawford@gmail.com,867-74-6321,+1(205) 497-0196,7497 E North St College Station Louisiana United States 41916
E3267180,FrankMatthews,frank.matthews@gmail.com,624-44-3676,+1(774) 515-7393,2267 E Sandy Lake Rd Cedar Rapids Louisiana United States 49341
E8279092,JohnniDuncan,johnni.duncan@gmail.com,597-53-8263,+1(615) 870-6912,2918 Stevens Creek Blvd Mesquite Alabama United States 29351
E3574476,JefferyCooper,jeffery.cooper@gmail.com,571-06-5483,+1(827) 664-0569,200 Depaul Dr Port St. Lucie Mississippi United States 52956
E4632793,AndyDaniels,andy.daniels@gmail.com,424-41-8433,+1(281) 223-5275,7888 W Belt Line Rd Pembroke Pines Rhode Island United States 71896
E6533582,AidenObrien,aiden.obrien@gmail.com,896-33-2028,+1(609) 496-4936,6534 Smokey Ln Round Rock Illinois United States 96843
E4887138,WilmaFrazier,wilma.frazier@gmail.com,412-48-5554,+1(347) 570-3015,3989 Stevens Creek Blvd Mckinney Utah United States 30064
E3103316,RobertBell,robert.bell@gmail.com,577-95-8270,+1(343) 772-5886,7696 Depaul Dr Indianapolis Maryland United States 25582
E5251737,NoahShaw,noah.shaw@gmail.com,788-68-4838,+1(777) 621-9918,3768 Harrison Ct York Pennsylvania United States 88198
E2056861,TommyJones,tommy.jones@gmail.com,294-75-5883,+1(742) 721-1117,3739 Camden Ave Baltimore Nevada United States 93385
E7789776,ChloeObrien,chloe.obrien@gmail.com,555-09-8606,+1(599) 949-1033,6412 Shady Ln Dr Moscow California United States 97861
E4751095,KatherineCarpenter,katherine.carpenter@gmail.com,294-87-8973,+1(969) 890-9640,8806 Harrison Ct Richmond Nebraska United States 17778
